PDE Time used, degree, level 1, level 2, level 3, level 4, level 5, level 6, level 7, level 8
, 2, 0.09000000000000001, 0.09000000000000001, 0.09000000000000001, 0.09333333333333334, 0.11, 0.22, 0.6366666666666667, 2.693333333333334
, 3, 0.09000000000000001, 0.09000000000000001, 0.09000000000000001, 0.10000000000000002, 0.14, 0.29, 0.84, 4.8133333333333335
, 4, 0.09333333333333334, 0.09333333333333334, 0.10000000000000002, 0.11, 0.16, 0.3499999999999999, 1.2266666666666668, 8.676666666666666
, 5, 0.10000000000000002, 0.10000000000000002, 0.10333333333333335, 0.12, 0.18000000000000002, 0.41333333333333333, 1.6899999999999997, 11.783333333333333
, 6, 0.10333333333333335, 0.10666666666666667, 0.11, 0.13, 0.21, 0.5066666666666667, 2.5399999999999996, 17.36333333333333
