PDE Time used, degree, level 1, level 2, level 3, level 4, level 5, level 6, level 7, level 8
, 2, 0.09333333333333334, 0.08666666666666667, 0.09000000000000001, 0.09666666666666668, 0.11, 0.22, 0.6366666666666667, 2.67
, 3, 0.09000000000000001, 0.09000000000000001, 0.09000000000000001, 0.10000000000000002, 0.1366666666666667, 0.29, 0.8366666666666666, 4.796666666666666
, 4, 0.10333333333333333, 0.09000000000000001, 0.10000000000000002, 0.11, 0.15666666666666665, 0.3433333333333333, 1.2066666666666666, 8.666666666666666
, 5, 0.11333333333333333, 0.10000000000000002, 0.10000000000000002, 0.12, 0.17666666666666667, 0.41, 1.6933333333333334, 11.853333333333332
, 6, 0.10999999999999999, 0.11, 0.11, 0.13, 0.21333333333333335, 0.5, 2.5399999999999996, 17.396666666666665
